device_name,unit_code,location,series
GPE-B-806,,,
GPE-B-807,,,
GPE-B-808,,,
GPE-B-809,,,
GPE-B-811,,,
GPE-B-812,,,
GPE-B-813,,,
GPE-B-815,,,
GPE-B-816,,,
GPE-B-818,,,
GPE-B-819,,,
GPE-B-820,,,
GPE-B-821,,,
GPE-B-822,,,
GPE-B-825,,,
GPE-B-826,,,
GPE-B-827,,,
GPE-B-828,,,
GPE-B-829,,,
GPE-B-830,,,
GPE-B-831,,,
GPE-B-832,,,
GPE-B-833,,,
GPE-B-835,,,
GPE-B-836,,,
GPE-B-837,,,
GPE-B-838,,,
GPE-B-839,,,
GPE-B-856,,,
GPE-B-857,,,
GPE-B-860,,,
GPE-B-866,,,
GPE-B-867,,,
GPE-B-871,,,
GPE-B-873,,,
GPE-B-876,,,
GPE-B-877,,,
GPE-B-878,,,
GPE-B-879,,,
GPE-B-880,,,
GPE-B-881,,,
GPE-B-882,,,
GPE-B-883,,,
GPE-B-885,,,
GPE-B-886,,,
GPE-B-887,,,
GPE-DT-1000,GPE1000,M.SERVICE,DT BARU FMX 400
GPE-DT-1001,GPE1001,M.SERVICE,DT BARU FMX 400
GPE-DT-1002,GPE1002,M.SERVICE,DT BARU FMX 400
GPE-DT-1003,GPE1003,M.SERVICE,DT BARU FMX 400
GPE-DT-1005,GPE1005,M.SERVICE,DT BARU FMX 400
GPE-DT-1006,GPE1006,M.SERVICE,DT BARU FMX 400
GPE-DT-1007,GPE1007,M.SERVICE,DT BARU FMX 400
GPE-DT-1008,GPE1008,M.SERVICE,DT BARU FMX 400
GPE-DT-1009,GPE1009,MUD UTARA,DT BARU FMX 400
GPE-DT-1010,GPE1010,MUD UTARA,DT BARU FMX 400
GPE-DT-1011,GPE1011,UTARA,DT BARU FMX 400
GPE-DT-1012,GPE1012,UTARA,DT BARU FMX 400
GPE-DT-1013,GPE1013,STB_SITE,DT BARU FMX 400
GPE-DT-1015,GPE1015,STB_SITE,DT BARU FMX 400
GPE-DT-1016,GPE1016,STB_SITE,DT BARU FMX 400
GPE-DT-1017,GPE1017,MUD UTARA,DT BARU FMX 400
GPE-DT-1018,GPE1018,MUD UTARA,DT BARU FMX 400
GPE-DT-1019,GPE1019,STB_SITE,DT BARU FMX 400
GPE-DT-1020,GPE1020,MUD UTARA,DT BARU FMX 400
GPE-DT-1021,GPE1021,UTARA,DT BARU FMX 400
GPE-DT-1022,GPE1022,SELATAN,DT BARU FMX 400
GPE-DT-1023,GPE1023,SELATAN,DT BARU FMX 400
GPE-DT-1025,GPE1025,UTARA,DT BARU FMX 400
GPE-DT-1026,GPE1026,SELATAN,DT BARU FMX 400
GPE-DT-1027,GPE1027,SELATAN,DT BARU FMX 400
GPE-DT-1028,GPE1028,UTARA,DT BARU FMX 400
GPE-DT-1029,GPE1029,SELATAN,DT BARU FMX 400
GPE-DT-1030,GPE1030,UTARA,DT BARU FMX 400
GPE-DT-1031,GPE1031,UTARA,DT BARU FMX 400
GPE-DT-1032,GPE1032,UTARA,DT BARU FMX 400
GPE-DT-1033,GPE1033,JO SELATAN,DT BARU FMX 400
GPE-DT-1036,GPE1036,JO SELATAN,DT BARU FMX 400
GPE-DT-1038,GPE1038,UTARA,DT BARU FMX 400
GPE-DT-1039,GPE1039,JO SELATAN,DT BARU FMX 400
GPE-DT-1050,GPE1050,SELATAN,DT BARU FMX 400
GPE-DT-1051,GPE1051,UTARA,DT BARU FMX 400
GPE-DT-1052,GPE1052,UTARA,DT BARU FMX 400
GPE-DT-1055,GPE1055,UTARA,DT BARU FMX 400
GPE-DT-1057,GPE1057,UTARA,DT BARU FMX 400
GPE-DT-1059,GPE1059,JO SELATAN,DT BARU FMX 400
GPE-DT-1060,GPE1060,UTARA,DT BARU FMX 400
GPE-DT-1061,GPE1061,UTARA,DT BARU FMX 400
GPE-DT-1062,GPE1062,UTARA,DT BARU FMX 400
GPE-DT-1063,GPE1063,SELATAN,DT BARU FMX 400
GPE-DT-1065,GPE1065,UTARA,DT BARU FMX 400
GPE-DT-1066,GPE1066,UTARA,DT BARU FMX 400
GPE-DT-1068,GPE1068,JO SELATAN,DT BARU FMX 400
GPE-DT-1069,GPE1069,UTARA,DT BARU FMX 400
GPE-DT-1070,GPE1070,UTARA,DT BARU FMX 400
GPE-DT-1071,GPE1071,UTARA,DT BARU FMX 400
GPE-DT-1072,GPE1072,JO SELATAN,DT BARU FMX 400
GPE-DT-1073,GPE1073,UTARA,DT BARU FMX 400
GPE-DT-1075,GPE1075,JO SELATAN,DT BARU FMX 400
GPE-DT-1076,GPE1076,UTARA,DT BARU FMX 400
GPE-DT-1077,GPE1077,UTARA,DT BARU FMX 400
GPE-DT-1078,GPE1078,UTARA,DT BARU FMX 400
GPE-DT-1079,GPE1079,UTARA,DT BARU FMX 400
GPE-DT-1080,GPE1080,UTARA,DT BARU FMX 400
GPE-DT-1081,GPE1081,UTARA,DT BARU FMX 400
GPE-DT-1082,GPE1082,UTARA,DT BARU FMX 400
GPE-DT-1083,GPE1083,UTARA,DT BARU FMX 400
GPE-DT-1085,GPE1085,UTARA,DT BARU FMX 400
GPE-DT-1088,GPE1088,UTARA,DT BARU FMX 400
GPE-DT-1089,GPE1089,UTARA,DT BARU FMX 400
GPE-DT-1093,GPE1093,UTARA,DT BARU FMX 400
GPE-DT-1095,GPE1095,UTARA,DT BARU FMX 400
GPE-DT-1096,GPE1096,UTARA,DT BARU FMX 400
GPE-DT-1097,GPE1097,STB_SITE,DT BARU FMX 400
GPE-DT-1098,GPE1098,UTARA,DT BARU FMX 400
GPE-DT-1100,GPE1100,UTARA,DT BARU FMX 400
GPE-DT-1102,GPE1102,UTARA,DT BARU FMX 400
GPE-DT-1103,GPE1103,UTARA,DT BARU FMX 400
GPE-DT-1105,GPE1105,UTARA,DT BARU FMX 400
GPE-DT-1106,GPE1106,UTARA,DT BARU FMX 400
GPE-DT-1108,GPE1108,UTARA,DT BARU FMX 400
GPE-DT-1109,GPE1109,UTARA,DT BARU FMX 400
GPE-DT-1112,GPE1112,UTARA,DT BARU FMX 400
GPE-DT-1113,GPE1113,UTARA,DT BARU FMX 400
GPE-DT-1125,GPE1125,UTARA,DT BARU FMX 400
GPE-DT-1126,GPE1126,UTARA,DT BARU FMX 400
GPE-DT-1127,GPE1127,UTARA,DT BARU FMX 400
GPE-DT-1128,GPE1128,UTARA,DT BARU FMX 400
GPE-DT-1129,GPE1129,UTARA,DT BARU FMX 400
GPE-DT-1130,GPE1130,UTARA,DT BARU FMX 400
GPE-DT-1131,GPE1131,UTARA,DT BARU FMX 400
GPE-DT-1132,GPE1132,UTARA,DT BARU FMX 400
GPE-DT-1133,GPE1133,UTARA,DT BARU FMX 400
GPE-DT-1135,GPE1135,UTARA,DT BARU FMX 400
GPE-DT-1136,GPE1136,UTARA,DT BARU FMX 400
GPE-DT-1137,GPE1137,UTARA,DT BARU FMX 400
GPE-DT-1138,GPE1138,UTARA,DT BARU FMX 400
GPE-DT-1139,GPE1139,UTARA,DT BARU FMX 400
GPE-DT-1150,GPE1150,UTARA,DT BARU FMX 400
GPE-DT-1151,GPE1151,UTARA,DT BARU FMX 400
GPE-DT-1152,GPE1152,UTARA,DT BARU FMX 400
GPE-DT-1153,GPE1153,UTARA,DT BARU FMX 400
GPE-DT-1155,GPE1155,UTARA,DT BARU FMX 420
GPE-DT-1156,GPE1156,UTARA,DT BARU FMX 420
GPE-DT-1157,GPE1157,UTARA,DT BARU FMX 420
GPE-DT-1158,GPE1158,UTARA,DT BARU FMX 420
GPE-DT-1159,GPE1159,UTARA,DT BARU FMX 420
GPE-DT-1160,GPE1160,UTARA,DT BARU FMX 420
GPE-DT-1161,GPE1161,UTARA,DT BARU FMX 420
GPE-DT-1162,GPE1162,UTARA,DT BARU FMX 420
GPE-DT-1163,GPE1163,UTARA,DT BARU FMX 420
GPE-DT-1165,GPE1165,UTARA,DT BARU FMX 420
GPE-DT-1166,GPE1166,UTARA,DT BARU FMX 420
GPE-DT-1167,GPE1167,UTARA,DT BARU FMX 420
GPE-DT-1168,GPE1168,UTARA,DT BARU FMX 420
GPE-DT-1169,GPE1169,UTARA,DT BARU FMX 420
GPE-DT-1170,GPE1170,UTARA,DT BARU FMX 420
GPE-DT-1171,GPE1171,UTARA,DT BARU FMX 420
GPE-DT-1172,GPE1172,UTARA,DT BARU FMX 420
GPE-DT-1173,GPE1173,UTARA,DT BARU FMX 420
GPE-DT-1175,GPE1175,UTARA,DT BARU FMX 420
GPE-DT-1176,GPE1176,UTARA,DT BARU FMX 420
GPE-DT-1177,GPE1177,UTARA,DT BARU FMX 420
GPE-DT-1178,GPE1178,UTARA,DT BARU FMX 420
GPE-DT-1179,GPE1179,UTARA,DT BARU FMX 420
GPE-DT-1180,GPE1180,UTARA,DT BARU FMX 420
GPE-DT-1181,GPE1181,UTARA,DT BARU FMX 420
GPE-DT-1182,GPE1182,UTARA,DT BARU FMX 420
GPE-DT-1183,GPE1183,UTARA,DT BARU FMX 420
GPE-DT-1185,GPE1185,UTARA,DT BARU FMX 420
GPE-DT-1186,GPE1186,UTARA,DT BARU FMX 420
GPE-DT-1187,GPE1187,UTARA,DT BARU FMX 420
GPE-DT-1188,GPE1188,UTARA,DT BARU FMX 420
GPE-DT-1189,GPE1189,UTARA,DT BARU FMX 420
GPE-DT-1190,GPE1190,UTARA,DT BARU FMX 420
GPE-DT-1191,GPE1191,UTARA,DT BARU FMX 420
GPE-DT-1192,GPE1192,UTARA,DT BARU FMX 420
GPE-DT-1193,GPE1193,UTARA,DT BARU FMX 420
GPE-DT-1195,GPE1195,UTARA,DT BARU FMX 420
GPE-DT-1196,GPE1196,UTARA,DT BARU FMX 420
GPE-DT-1197,GPE1197,UTARA,DT BARU FMX 420
GPE-DT-1198,GPE1198,UTARA,DT BARU FMX 420
GPE-DT-1199,GPE1199,UTARA,DT BARU FMX 420
GPE-DT-1200,GPE1200,UTARA,DT BARU FMX 420
GPE-DT-1201,GPE1201,UTARA,DT BARU FMX 420
GPE-DT-1202,GPE1202,UTARA,DT BARU FMX 420
GPE-DT-1203,GPE1203,UTARA,DT BARU FMX 420
GPE-DT-1205,GPE1205,UTARA,DT BARU FMX 420
GPE-DT-1206,GPE1206,UTARA,DT BARU FMX 420
GPE-DT-1207,GPE1207,UTARA,DT BARU FMX 420
GPE-DT-1208,GPE1208,UTARA,DT BARU FMX 420
GPE-DT-1209,GPE1209,UTARA,DT BARU FMX 420
GPE-DT-1210,GPE1210,UTARA,DT BARU FMX 420
GPE-DT-1211,GPE1211,UTARA,DT BARU FMX 420
GPE-DT-1212,GPE1212,UTARA,DT BARU FMX 420
GPE-DT-1213,GPE1213,UTARA,DT BARU FMX 420
GPE-DT-1215,GPE1215,UTARA,DT BARU FMX 420
GPE-DT-1216,GPE1216,UTARA,DT BARU FMX 420
GPE-DT-1217,GPE1217,UTARA,DT BARU FMX 420
GPE-DT-1218,GPE1218,UTARA,DT BARU FMX 420
GPE-DT-1219,GPE1219,UTARA,DT BARU FMX 420
GPE-DT-1220,GPE1220,UTARA,DT BARU FMX 420
GPE-DT-1221,GPE1221,UTARA,DT BARU FMX 420
GPE-DT-1222,GPE1222,UTARA,DT BARU FMX 420
GPE-DT-1223,GPE1223,UTARA,DT BARU FMX 420
GPE-DT-1225,GPE1225,UTARA,DT BARU FMX 420
GPE-DT-1226,GPE1226,UTARA,DT BARU FMX 420
GPE-DT-1227,GPE1227,UTARA,DT BARU FMX 420
GPE-DT-1228,GPE1228,UTARA,DT BARU FMX 420
GPE-DT-1229,GPE1229,UTARA,DT BARU FMX 420
GPE-DT-1230,GPE1230,UTARA,DT BARU FMX 420
GPE-DT-1231,GPE1231,UTARA,DT BARU FMX 420
GPE-DT-1232,GPE1232,UTARA,DT BARU FMX 420
GPE-DT-1233,GPE1233,UTARA,DT BARU FMX 420
GPE-DT-1235,GPE1235,UTARA,DT BARU FMX 420
GPE-DT-1236,GPE1236,UTARA,DT BARU FMX 420
GPE-DT-1237,GPE1237,UTARA,DT BARU FMX 420
GPE-DT-1238,GPE1238,UTARA,DT BARU FMX 420
GPE-DT-1239,GPE1239,UTARA,DT BARU FMX 420
GPE-DT-2630,,, DT VOLVO
GPE-DT-2631,,,DT VOLVO
GPE-DT-2632,,,DT VOLVO
GPE-DT-2633,,,DT VOLVO
GPE-DT-2637,,,DT VOLVO
GPE-DT-2651,,,DT VOLVO
GPE-DT-2801,GPE2801,M.SERVICE,DT HINO 500 FM 280 JD
GPE-DT-2802,GPE2802,M.SERVICE,DT HINO 500 FM 280 JD
GPE-DT-2803,GPE2803,M.SERVICE,DT HINO 500 FM 280 JD
GPE-DT-2805,GPE2805,M.SERVICE,DT HINO 500 FM 280 JD
GPE-DT-2806,GPE2806,M.SERVICE,DT HINO 500 FM 280 JD
GPE-DT-2807,GPE2807,M.SERVICE,DT HINO 500 FM 280 JD
GPE-DT-2808,GPE2808,M.SERVICE,DT HINO 500 FM 280 JD
GPE-DT-2809,GPE2809,M.SERVICE,DT HINO 500 FM 280 JD
GPE-DT-2810,GPE2810,M.SERVICE,DT HINO 500 FM 280 JD
GPE-DT-2811,GPE2811,M.SERVICE,DT HINO 500 FM 280 JD
GPE-DT-2812,GPE2812,M.SERVICE,DT HINO 500 FM 280 JD
GPE-DT-917,GPE917,STB_001,DT LAMA FMX 400
GPE-DT-926,GPE926,STB_SITE,DT LAMA FMX 400
GPE-DT-929,GPE929,STB_001,DT LAMA FMX 400
GPE-DT-932,GPE932,M.SERVICE,DT LAMA FMX 400
GPE-DT-937,GPE937,M.SERVICE,DT LAMA FMX 400
GPE-DT-950,GPE950,STB_SITE,DT LAMA FMX 400
GPE-DT-951,GPE951,M.SERVICE,DT LAMA FMX 400
GPE-DT-952,GPE952,M.SERVICE,DT LAMA FMX 400
GPE-DT-953,GPE953,M.SERVICE,DT LAMA FMX 400
GPE-DT-955,GPE955,M.SERVICE,DT LAMA FMX 400
GPE-DT-970,GPE970,STB_SITE,DT LAMA FMX 400
GPE-DT-971,GPE971,UTARA,DT LAMA FMX 400
GPE-DT-973,GPE973,SELATAN,DT LAMA FMX 400
GPE-DT-975,GPE975,UTARA,DT LAMA FMX 400
GPE-DT-976,GPE976,UTARA,DT LAMA FMX 400
GPE-DT-977,GPE977,STB_SITE,DT LAMA FMX 400
GPE-DT-978,GPE978,UTARA,DT LAMA FMX 400
GPE-DT-979,GPE979,UTARA,DT LAMA FMX 400
GPE-DT-980,GPE980,SELATAN,DT LAMA FMX 400
GPE-DT-981,GPE981,SELATAN,DT LAMA FMX 400
GPE-DT-982,GPE982,UTARA,DT LAMA FMX 400
GPE-DT-985,GPE985,STB_SITE,DT LAMA FMX 400
GPE-DT-986,GPE986,SELATAN,DT LAMA FMX 400
GPE-DT-987,GPE987,STB_SITE,DT LAMA FMX 400
GPE-DT-988,GPE988,UTARA,DT LAMA FMX 400
GPE-DT-989,GPE989,UTARA,DT LAMA FMX 400
GPE-DT-990,GPE990,SELATAN,DT LAMA FMX 400
GPE-DT-991,GPE991,UTARA,DT LAMA FMX 400
GPE-DT-992,GPE992,STB_SITE,DT LAMA FMX 400
GPE-DT-993,GPE993,UTARA,DT LAMA FMX 400
GPE-DT-995,GPE995,UTARA,DT LAMA FMX 400
GPE-DT-996,GPE996,JO SELATAN,DT LAMA FMX 400
GPE-DT-997,GPE997,JO SELATAN,DT LAMA FMX 400
GPE-DT-998,GPE998,M.SERVICE,DT LAMA FMX 400
GPE-DT-999,GPE999,M.SERVICE,DT LAMA FMX 400
GPE-FT-815,,,
GPE-FT-860,,,
GPE-FT-861,,,
GPE-FT-865,,,
GPE-FT-866,,,
GPE-FT-867,,,
GPE-FT-868,,,
GPE-FT-869,,,
GPE-FT-870,,,
GPE-FT-871,,,
GPE-FT-872,,,
GPE-FT-873,,,
GPE-GFTH-875,,,
GPE-HD-701,GPE701,JO SELATAN,HD 465
GPE-HD-702,GPE702,JO SELATAN,HD 465
GPE-HD-703,GPE703,JO SELATAN,HD 465
GPE-HD-705,GPE705,JO SELATAN,HD 465
GPE-HD-706,GPE706,JO SELATAN,HD 465
GPE-HD-707,GPE707,JO SELATAN,HD 465
GPE-HD-708,GPE708,SELATAN,HD 465
GPE-HD-709,GPE709,JO SELATAN,HD 465
GPE-HD-710,GPE710,JO SELATAN,HD 465
GPE-HD-711,GPE711,SELATAN,HD 465
GPE-HD-712,GPE712,SELATAN,HD 465
GPE-HD-713,GPE713,SELATAN,HD 465
GPE-HD-715,GPE715,SELATAN,HD 465
GPE-HD-716,GPE716,SELATAN,HD 465
GPE-HD-717,GPE717,SELATAN,HD 465
GPE-HD-718,GPE718,SELATAN,HD 465
GPE-HD-720,GPE720,SELATAN,HD 465
GPE-HD-721,GPE721,SELATAN,HD 465
GPE-HD-722,GPE722,SELATAN,HD 465
GPE-HD-723,GPE723,SELATAN,HD 465
GPE-HD-725,GPE725,SELATAN,HD 465
GPE-HD-726,GPE726,SELATAN,HD 465
GPE-HD-727,GPE727,SELATAN,HD 465
GPE-HD-728,GPE728,SELATAN,HD 465
GPE-HD-729,GPE729,SELATAN,HD 465
GPE-HD-730,GPE730,SELATAN,HD 465
GPE-HD-7301,GPE7301,SELATAN,OHT 773
GPE-HD-7302,GPE7302,SELATAN,OHT 773
GPE-HD-7303,GPE7303,SELATAN,OHT 773
GPE-HD-7305,GPE7305,SELATAN,OHT 773
GPE-HD-7306,GPE7306,SELATAN,OHT 773
GPE-HD-7307,GPE7307,SELATAN,OHT 773
GPE-HD-7308,GPE7308,SELATAN,OHT 773
GPE-HD-7309,GPE7309,SELATAN,OHT 773
GPE-HD-731,GPE731,SELATAN,HD 465
GPE-HD-7310,GPE7310,SELATAN,OHT 773
GPE-HD-7311,GPE7311,SELATAN,OHT 773
GPE-HD-7312,GPE7312,SELATAN,OHT 773
GPE-HD-7313,GPE7313,SELATAN,OHT 773
GPE-HD-732,GPE732,SELATAN,HD 465
GPE-HD-733,GPE733,SELATAN,HD 465
GPE-HD-735,GPE735,SELATAN,HD 465
GPE-HD-736,GPE736,SELATAN,HD 465
GPE-HD-737,GPE737,SELATAN,HD 465
GPE-HD-7801,GPE7801,SELATAN,HD 785
GPE-HD-7802,GPE7802,SELATAN,HD 785
GPE-HD-7803,GPE7803,SELATAN,HD 785
GPE-HD-7805,GPE7805,SELATAN,HD 785
GPE-HD-7806,GPE7806,SELATAN,HD 785
GPE-HD-7807,GPE7807,SELATAN,HD 785
GPE-HD-7808,GPE7808,SELATAN,HD 785
GPE-HD-7809,GPE7809,SELATAN,HD 785
GPE-HD-7810,GPE7810,SELATAN,HD 785
GPE-HD-7811,GPE7811,SELATAN,HD 785
GPE-HD-7812,GPE7812,SELATAN,HD 785
GPE-HD-7813,GPE7813,SELATAN,HD 785
GPE-HD-7815,GPE7815,SELATAN,HD 785
GPE-HD-7816,GPE7816,SELATAN,HD 785
GPE-HD-7817,GPE7817,SELATAN,HD 785
GPE-HD-7818,GPE7818,SELATAN,HD 785
GPE-HD-7819,GPE7819,SELATAN,HD 785
GPE-HD-7820,GPE7820,SELATAN,HD 785
GPE-HD-798,GPE798,SELATAN,HD 465
GPE-HD-799,GPE799,SELATAN,HD 465
GPE-HD-800,GPE800,SELATAN,HD 465
GPE-HD-802,GPE802,SELATAN,HD 465
GPE-HD-803,GPE803,SELATAN,HD 465
GPE-HD-805,GPE805,SELATAN,HD 465
GPE-HD-806,GPE806,SELATAN,HD 465
GPE-HD-807,GPE807,SELATAN,HD 465
GPE-HD-810,GPE810,SELATAN,HD 465
GPE-HD-813,GPE813,SELATAN,HD 465
GPE-HD-816,GPE816,SELATAN,HD 465
GPE-HD-817,GPE817,SELATAN,HD 465
GPE-HD-819,GPE819,SELATAN,HD 465
GPE-HD-820,GPE820,SELATAN,HD 465
GPE-HD-821,GPE821,SELATAN,HD 465
GPE-HD-822,GPE822,SELATAN,HD 465
GPE-HD-823,GPE823,SELATAN,HD 465
GPE-HD-825,GPE825,SELATAN,HD 465
GPE-HD-826,GPE826,SELATAN,HD 465
GPE-HD-827,GPE827,SELATAN,HD 465
GPE-HD-828,GPE828,SELATAN,HD 465
GPE-HD-829,GPE829,SELATAN,HD 465
GPE-HD-830,GPE830,SELATAN,HD 465
GPE-HD-831,GPE831,SELATAN,HD 465
GPE-HD-832,GPE832,SELATAN,HD 465
GPE-HD-833,GPE833,SELATAN,HD 465
GPE-HD-835,GPE835,SELATAN,HD 465
GPE-HD-836,GPE836,SELATAN,HD 465
GPE-HD-837,GPE837,SELATAN,HD 465
GPE-HD-838,GPE838,SELATAN,HD 465
GPE-HD-839,GPE839,SELATAN,HD 465
GPE-HD-840,GPE840,SELATAN,HD 465
GPE-HD-841,GPE841,SELATAN,HD 465
GPE-HD-842,GPE842,SELATAN,HD 465
GPE-HD-843,GPE843,SELATAN,HD 465
GPE-HD-845,GPE845,SELATAN,HD 465
GPE-HD-846,GPE846,SELATAN,HD 465
GPE-HD-847,GPE847,SELATAN,HD 465
GPE-HD-848,GPE848,SELATAN,HD 465
GPE-HD-850,GPE850,SELATAN,HD 465
GPE-HD-851,GPE851,SELATAN,HD 465
GPE-HD-852,GPE852,SELATAN,HD 465
GPE-HD-853,GPE853,SELATAN,HD 465
GPE-HD-855,GPE855,SELATAN,HD 465
GPE-HD-857,GPE857,SELATAN,HD 465
GPE-LV-890,,,
GPE-LV-891,,,
GPE-LV-892,,,
GPE-LV-910,,,
GPE-WT-836,,,
GPE-WT-855,,,
