device_code,unit_code,series,location
GPE-B-806,GPE7801,HD 785,SELATAN
GPE-B-807,GPE7802,HD 785,SELATAN
GPE-B-808,GPE7803,HD 785,SELATAN
GPE-B-809,GPE7805,HD 785,SELATAN
GPE-B-811,GPE7806,HD 785,SELATAN
GPE-B-812,GPE7807,HD 785,SELATAN
GPE-B-813,GPE7808,HD 785,SELATAN
GPE-B-815,GPE7809,HD 785,SELATAN
GPE-B-816,GPE7810,HD 785,SELATAN
GPE-B-818,GPE7811,HD 785,SELATAN
GPE-B-819,GPE7812,HD 785,SELATAN
GPE-B-820,GPE7813,HD 785,SELATAN
GPE-B-821,GPE7815,HD 785,SELATAN
GPE-B-822,GPE7816,HD 785,SELATAN
GPE-B-825,GPE7817,HD 785,SELATAN
GPE-B-826,GPE7818,HD 785,SELATAN
GPE-B-827,GPE7819,HD 785,SELATAN
GPE-B-828,GPE7820,HD 785,SELATAN
GPE-B-829,GPE7301,OHT 773,SELATAN
GPE-B-830,GPE7302,OHT 773,SELATAN
GPE-B-831,GPE7303,OHT 773,SELATAN
GPE-B-832,GPE7305,OHT 773,SELATAN
GPE-B-833,GPE7306,OHT 773,SELATAN
GPE-B-835,GPE7307,OHT 773,SELATAN
GPE-B-836,GPE7308,OHT 773,SELATAN
GPE-B-837,GPE7309,OHT 773,SELATAN
GPE-B-838,GPE7310,OHT 773,SELATAN
GPE-B-839,GPE7311,OHT 773,SELATAN
GPE-B-856,GPE7312,OHT 773,SELATAN
GPE-B-857,GPE7313,OHT 773,SELATAN
GPE-B-860,GPE802,HD 465,SELATAN
GPE-B-866,GPE803,HD 465,SELATAN
GPE-B-867,GPE805,HD 465,SELATAN
GPE-B-871,GPE806,HD 465,SELATAN
GPE-B-873,GPE807,HD 465,SELATAN
GPE-B-876,GPE810,HD 465,SELATAN
GPE-B-877,GPE812,HD 465,SELATAN
GPE-B-878,GPE813,HD 465,SELATAN
GPE-B-879,GPE815,HD 465,SELATAN
GPE-B-880,GPE816,HD 465,SELATAN
GPE-B-881,GPE817,HD 465,SELATAN
GPE-B-882,GPE819,HD 465,SELATAN
GPE-B-883,GPE820,HD 465,SELATAN
GPE-B-885,GPE821,HD 465,SELATAN
GPE-B-886,GPE822,HD 465,SELATAN
GPE-B-887,GPE823,HD 465,SELATAN
GPE-DT-1000,GPE825,VOLVO,SELATAN
GPE-DT-1001,GPE826,VOLVO,SELATAN
GPE-DT-1002,GPE827,VOLVO,SELATAN
GPE-DT-1003,GPE828,VOLVO,SELATAN
GPE-DT-1005,GPE829,VOLVO,SELATAN
GPE-DT-1006,GPE830,VOLVO,SELATAN
GPE-DT-1007,GPE831,VOLVO,SELATAN
GPE-DT-1008,GPE832,VOLVO,SELATAN
GPE-DT-1009,GPE833,HD 465,SELATAN
GPE-DT-1010,GPE835,HD 465,SELATAN
GPE-DT-1011,GPE836,HD 465,SELATAN
GPE-DT-1012,GPE837,HD 465,SELATAN
GPE-DT-1013,GPE838,HD 465,SELATAN
GPE-DT-1015,GPE839,HD 465,SELATAN
GPE-DT-1016,GPE840,HD 465,SELATAN
GPE-DT-1017,GPE841,HD 465,SELATAN
GPE-DT-1018,GPE842,HD 465,SELATAN
GPE-DT-1019,GPE843,HD 465,SELATAN
GPE-DT-1020,GPE845,HD 465,SELATAN
GPE-DT-1021,GPE701,HD 465,JO SELATAN
GPE-DT-1022,GPE702,HD 465,JO SELATAN
GPE-DT-1023,GPE703,HD 465,JO SELATAN
GPE-DT-1025,GPE705,HD 465,JO SELATAN
GPE-DT-1026,GPE706,HD 465,JO SELATAN
GPE-DT-1027,GPE707,HD 465,JO SELATAN
GPE-DT-1028,GPE708,HD 465,SELATAN
GPE-DT-1029,GPE709,HD 465,JO SELATAN
GPE-DT-1030,GPE710,HD 465,JO SELATAN
GPE-DT-1031,GPE711,HD 465,SELATAN
GPE-DT-1032,GPE712,HD 465,SELATAN
GPE-DT-1033,GPE713,HD 465,SELATAN
GPE-DT-1036,GPE715,HD 465,SELATAN
GPE-DT-1038,GPE716,HD 465,SELATAN
GPE-DT-1039,GPE717,HD 465,SELATAN
GPE-DT-1050,GPE718,HD 465,SELATAN
GPE-DT-1051,GPE719,HD 465,JO SELATAN
GPE-DT-1052,GPE720,HD 465,SELATAN
GPE-DT-1055,GPE721,HD 465,SELATAN
GPE-DT-1057,GPE722,HD 465,SELATAN
GPE-DT-1059,GPE723,HD 465,SELATAN
GPE-DT-1060,GPE725,HD 465,SELATAN
GPE-DT-1061,GPE726,HD 465,SELATAN
GPE-DT-1062,GPE727,HD 465,SELATAN
GPE-DT-1063,GPE728,HD 465,SELATAN
GPE-DT-1065,GPE729,HD 465,SELATAN
GPE-DT-1066,GPE730,HD 465,SELATAN
GPE-DT-1068,GPE731,HD 465,SELATAN
GPE-DT-1069,GPE732,HD 465,SELATAN
GPE-DT-1070,GPE733,HD 465,SELATAN
GPE-DT-1071,GPE735,HD 465,SELATAN
GPE-DT-1072,GPE736,HD 465,SELATAN
GPE-DT-1073,GPE737,HD 465,SELATAN
GPE-DT-1075,GPE738,HD 465,JO SELATAN
GPE-DT-1076,GPE739,HD 465,JO SELATAN
GPE-DT-1077,GPE750,HD 465,JO SELATAN
GPE-DT-1078,GPE751,HD 465,JO SELATAN
GPE-DT-1079,GPE752,HD 465,JO SELATAN
GPE-DT-1080,GPE753,HD 465,JO SELATAN
GPE-DT-1081,GPE755,HD 465,JO SELATAN
GPE-DT-1082,GPE756,HD 465,JO SELATAN
GPE-DT-1083,GPE757,HD 465,JO SELATAN
GPE-DT-1085,GPE758,HD 465,JO SELATAN
GPE-DT-1088,GPE759,HD 465,JO SELATAN
GPE-DT-1089,GPE760,HD 465,JO SELATAN
GPE-DT-1093,GPE761,HD 465,JO SELATAN
GPE-DT-1095,GPE762,HD 465,JO SELATAN
GPE-DT-1096,GPE763,HD 465,JO SELATAN
GPE-DT-1097,GPE765,HD 465,JO SELATAN
GPE-DT-1098,GPE766,HD 465,JO SELATAN
GPE-DT-1100,GPE767,HD 465,JO SELATAN
GPE-DT-1102,GPE768,HD 465,JO SELATAN
GPE-DT-1103,GPE769,HD 465,JO SELATAN
GPE-DT-1105,GPE770,HD 465,JO SELATAN
GPE-DT-1106,GPE771,HD 465,JO SELATAN
GPE-DT-1108,GPE772,HD 465,JO SELATAN
GPE-DT-1109,GPE773,HD 465,JO SELATAN
GPE-DT-1112,GPE775,HD 465,JO SELATAN
GPE-DT-1113,GPE776,HD 465,JO SELATAN
GPE-DT-1125,GPE777,HD 465,JO SELATAN
GPE-DT-1126,GPE778,HD 465,JO SELATAN
GPE-DT-1127,GPE779,HD 465,JO SELATAN
GPE-DT-1128,GPE780,HD 465,JO SELATAN
GPE-DT-1129,GPE781,HD 465,JO SELATAN
GPE-DT-1130,GPE782,HD 465,JO SELATAN
GPE-DT-1131,GPE783,HD 465,JO SELATAN
GPE-DT-1132,GPE785,HD 465,JO SELATAN
GPE-DT-1133,GPE786,HD 465,JO SELATAN
GPE-DT-1135,GPE787,HD 465,JO SELATAN
GPE-DT-1136,GPE788,HD 465,JO SELATAN
GPE-DT-1137,GPE789,HD 465,JO SELATAN
GPE-DT-1138,GPE790,HD 465,JO SELATAN
GPE-DT-1139,GPE791,HD 465,JO SELATAN
GPE-DT-1150,GPE792,HD 465,JO SELATAN
GPE-DT-1151,GPE793,HD 465,JO SELATAN
GPE-DT-1152,GPE795,HD 465,JO SELATAN
GPE-DT-1153,GPE796,HD 465,JO SELATAN
GPE-DT-1155,GPE797,HD 465,JO SELATAN
GPE-DT-1156,GPE798,HD 465,SELATAN
GPE-DT-1157,GPE799,HD 465,SELATAN
GPE-DT-1158,GPE800,HD 465,SELATAN
GPE-DT-1159,GPE850,HD 465,SELATAN
GPE-DT-1160,GPE851,HD 465,SELATAN
GPE-DT-1161,GPE852,HD 465,SELATAN
GPE-DT-1162,GPE853,HD 465,SELATAN
GPE-DT-1163,GPE855,HD 465,SELATAN
GPE-DT-1165,GPE856,HD 465,JO SELATAN
GPE-DT-1166,GPE857,HD 465,SELATAN
GPE-DT-1167,GPE972,DT LAMA FMX 400,SELATAN
GPE-DT-1168,GPE973,DT LAMA FMX 400,SELATAN
GPE-DT-1169,GPE980,DT LAMA FMX 400,SELATAN
GPE-DT-1170,GPE981,DT LAMA FMX 400,SELATAN
GPE-DT-1171,GPE983,DT LAMA FMX 400,SELATAN
GPE-DT-1172,GPE986,DT LAMA FMX 400,SELATAN
GPE-DT-1173,GPE990,DT LAMA FMX 400,SELATAN
GPE-DT-1175,GPE1023,DT BARU FMX 400,SELATAN
GPE-DT-1176,GPE1022,DT BARU FMX 400,SELATAN
GPE-DT-1177,GPE1026,DT BARU FMX 400,SELATAN
GPE-DT-1178,GPE1027,DT BARU FMX 400,SELATAN
GPE-DT-1179,GPE1029,DT BARU FMX 400,SELATAN
GPE-DT-1180,GPE1063,DT BARU FMX 400,SELATAN
GPE-DT-1181,GPE970,DT LAMA FMX 400,STB_SITE
GPE-DT-1182,GPE971,DT LAMA FMX 400,UTARA
GPE-DT-1183,GPE975,DT LAMA FMX 400,UTARA
GPE-DT-1185,GPE976,DT LAMA FMX 400,UTARA
GPE-DT-1186,GPE978,DT LAMA FMX 400,UTARA
GPE-DT-1187,GPE979,DT LAMA FMX 400,UTARA
GPE-DT-1188,GPE982,DT LAMA FMX 400,UTARA
GPE-DT-1189,GPE987,DT LAMA FMX 400,STB_SITE
GPE-DT-1190,GPE988,DT LAMA FMX 400,UTARA
GPE-DT-1191,GPE989,DT LAMA FMX 400,UTARA
GPE-DT-1192,GPE991,DT LAMA FMX 400,UTARA
GPE-DT-1193,GPE992,DT LAMA FMX 400,STB_SITE
GPE-DT-1195,GPE993,DT LAMA FMX 400,UTARA
GPE-DT-1196,GPE995,DT LAMA FMX 400,UTARA
GPE-DT-1197,GPE1011,DT BARU FMX 400,UTARA
GPE-DT-1198,GPE1012,DT BARU FMX 400,UTARA
GPE-DT-1199,GPE1013,DT BARU FMX 400,STB_SITE
GPE-DT-1200,GPE1021,DT BARU FMX 400,UTARA
GPE-DT-1201,GPE1025,DT BARU FMX 400,UTARA
GPE-DT-1202,GPE1028,DT BARU FMX 400,UTARA
GPE-DT-1203,GPE1030,DT BARU FMX 400,UTARA
GPE-DT-1205,GPE1031,DT BARU FMX 400,UTARA
GPE-DT-1206,GPE1032,DT BARU FMX 400,UTARA
GPE-DT-1207,GPE1037,DT BARU FMX 400,UTARA
GPE-DT-1208,GPE1038,DT BARU FMX 400,UTARA
GPE-DT-1209,GPE1050,DT BARU FMX 400,SELATAN
GPE-DT-1210,GPE1051,DT BARU FMX 400,UTARA
GPE-DT-1211,GPE1052,DT BARU FMX 400,UTARA
GPE-DT-1212,GPE1055,DT BARU FMX 400,UTARA
GPE-DT-1213,GPE1057,DT BARU FMX 400,UTARA
GPE-DT-1215,GPE1060,DT BARU FMX 400,UTARA
GPE-DT-1216,GPE1061,DT BARU FMX 400,UTARA
GPE-DT-1217,GPE1062,DT BARU FMX 400,UTARA
GPE-DT-1218,GPE1065,DT BARU FMX 400,UTARA
GPE-DT-1219,GPE1066,DT BARU FMX 400,UTARA
GPE-DT-1220,GPE1067,DT BARU FMX 400,UTARA
GPE-DT-1221,GPE1069,DT BARU FMX 400,UTARA
GPE-DT-1222,GPE1070,DT BARU FMX 400,UTARA
GPE-DT-1223,GPE1071,DT BARU FMX 400,UTARA
GPE-DT-1225,GPE1073,DT BARU FMX 400,UTARA
GPE-DT-1226,GPE1076,DT BARU FMX 400,UTARA
GPE-DT-1227,GPE1077,DT BARU FMX 400,UTARA
GPE-DT-1228,GPE1078,DT BARU FMX 400,UTARA
GPE-DT-1229,GPE1079,DT BARU FMX 400,UTARA
GPE-DT-1230,GPE1080,DT BARU FMX 400,UTARA
GPE-DT-1231,GPE1081,DT BARU FMX 400,UTARA
GPE-DT-1232,GPE1082,DT BARU FMX 400,UTARA
GPE-DT-1233,GPE1083,DT BARU FMX 400,UTARA
GPE-DT-1235,GPE1085,DT BARU FMX 400,UTARA
GPE-DT-1236,GPE1088,DT BARU FMX 400,UTARA
GPE-DT-1237,GPE1089,DT BARU FMX 400,UTARA
GPE-DT-1238,GPE1093,DT BARU FMX 400,UTARA
GPE-DT-1239,GPE1095,DT BARU FMX 400,UTARA
GPE-DT-2630,GPE1096,DT BARU FMX 400,UTARA
GPE-DT-2631,GPE1097,DT BARU FMX 400,STB_SITE
GPE-DT-2632,GPE1098,DT BARU FMX 400,UTARA
GPE-DT-2633,GPE1100,DT BARU FMX 400,UTARA
GPE-DT-2637,GPE1102,DT BARU FMX 400,UTARA
GPE-DT-2651,GPE1103,DT BARU FMX 400,UTARA
GPE-DT-2801,GPE1105,DT BARU FMX 400,M.SERVICE
GPE-DT-2802,GPE1106,DT BARU FMX 400,M.SERVICE
GPE-DT-2803,GPE1108,DT BARU FMX 400,M.SERVICE
GPE-DT-2805,GPE1109,DT BARU FMX 400,M.SERVICE
GPE-DT-2806,GPE1110,DT BARU FMX 400,M.SERVICE
GPE-DT-2807,GPE1112,DT BARU FMX 400,M.SERVICE
GPE-DT-2808,GPE1113,DT BARU FMX 400,M.SERVICE
GPE-DT-2809,GPE1125,DT BARU FMX 400,M.SERVICE
GPE-DT-2810,GPE1126,DT BARU FMX 400,M.SERVICE
GPE-DT-2811,GPE1127,DT BARU FMX 400,M.SERVICE
GPE-DT-2812,GPE1128,DT BARU FMX 400,M.SERVICE
GPE-DT-917,GPE1129,DT BARU FMX 400,UTARA
GPE-DT-926,GPE1130,DT BARU FMX 400,UTARA
GPE-DT-929,GPE1131,DT BARU FMX 400,UTARA
GPE-DT-932,GPE1132,DT BARU FMX 400,UTARA
GPE-DT-937,GPE1133,DT BARU FMX 400,UTARA
GPE-DT-950,GPE1135,DT BARU FMX 400,UTARA
GPE-DT-951,GPE1136,DT BARU FMX 400,UTARA
GPE-DT-952,GPE1137,DT BARU FMX 400,UTARA
GPE-DT-953,GPE1138,DT BARU FMX 400,UTARA
GPE-DT-955,GPE1139,DT BARU FMX 400,UTARA
GPE-DT-970,GPE1150,DT BARU FMX 400,UTARA
GPE-DT-971,GPE1151,DT BARU FMX 400,UTARA
GPE-DT-973,GPE1152,DT BARU FMX 400,UTARA
GPE-DT-975,GPE1153,DT BARU FMX 400,UTARA
GPE-DT-976,GPE1155,DT BARU FMX 420,UTARA
GPE-DT-977,GPE1156,DT BARU FMX 420,UTARA
GPE-DT-978,GPE1157,DT BARU FMX 420,UTARA
GPE-DT-979,GPE1158,DT BARU FMX 420,UTARA
GPE-DT-980,GPE1159,DT BARU FMX 420,UTARA
GPE-DT-981,GPE1160,DT BARU FMX 420,UTARA
GPE-DT-982,GPE1161,DT BARU FMX 420,UTARA
GPE-DT-985,GPE1162,DT BARU FMX 420,UTARA
GPE-DT-986,GPE1163,DT BARU FMX 420,UTARA
GPE-DT-987,GPE1165,DT BARU FMX 420,UTARA
GPE-DT-988,GPE1166,DT BARU FMX 420,UTARA
GPE-DT-989,GPE1167,DT BARU FMX 420,UTARA
GPE-DT-990,GPE1168,DT BARU FMX 420,UTARA
GPE-DT-991,GPE1169,DT BARU FMX 420,UTARA
GPE-DT-992,GPE1170,DT BARU FMX 400,UTARA
GPE-DT-993,GPE1171,DT BARU FMX 400,UTARA
GPE-DT-995,GPE1172,DT BARU FMX 400,UTARA
GPE-DT-996,GPE1173,DT BARU FMX 400,UTARA
GPE-DT-997,GPE1175,DT BARU FMX 400,UTARA
GPE-DT-998,GPE1176,DT BARU FMX 400,UTARA
GPE-DT-999,GPE1177,DT BARU FMX 400,UTARA
GPE-FT-815,GPE1178,DT BARU FMX 400,UTARA
GPE-FT-860,GPE1179,DT BARU FMX 400,UTARA
GPE-FT-861,GPE1180,DT BARU FMX 400,UTARA
GPE-FT-865,GPE1181,DT BARU FMX 400,UTARA
GPE-FT-866,GPE1182,DT BARU FMX 400,UTARA
GPE-FT-867,GPE1183,DT BARU FMX 400,UTARA
GPE-FT-868,GPE1185,DT BARU FMX 400,UTARA
GPE-FT-869,GPE1186,DT BARU FMX 400,UTARA
GPE-FT-870,GPE1187,DT BARU FMX 400,UTARA
GPE-FT-871,GPE1188,DT BARU FMX 400,UTARA
GPE-FT-872,GPE1189,DT BARU FMX 420,UTARA
GPE-FT-873,GPE1190,DT BARU FMX 420,UTARA
GPE-GFTH-875,GPE1191,DT BARU FMX 420,UTARA
GPE-HD-701,GPE1192,DT BARU FMX 420,UTARA
GPE-HD-702,GPE1193,DT BARU FMX 420,UTARA
GPE-HD-703,GPE1195,DT BARU FMX 420,UTARA
GPE-HD-705,GPE1196,DT BARU FMX 420,UTARA
GPE-HD-706,GPE1197,DT BARU FMX 420,UTARA
GPE-HD-707,GPE1198,DT BARU FMX 420,UTARA
GPE-HD-708,GPE1199,DT BARU FMX 420,UTARA
GPE-HD-709,GPE1200,DT BARU FMX 420,UTARA
GPE-HD-710,GPE1201,DT BARU FMX 420,UTARA
GPE-HD-711,GPE1202,DT BARU FMX 420,UTARA
GPE-HD-712,GPE1203,DT BARU FMX 420,UTARA
GPE-HD-713,GPE1205,DT BARU FMX 420,UTARA
GPE-HD-715,GPE1206,DT BARU FMX 420,UTARA
GPE-HD-716,GPE1207,DT BARU FMX 420,UTARA
GPE-HD-717,GPE1208,DT BARU FMX 420,UTARA
GPE-HD-718,GPE1209,DT BARU FMX 420,UTARA
GPE-HD-720,GPE1210,DT BARU FMX 420,UTARA
GPE-HD-721,GPE1211,DT BARU FMX 420,UTARA
GPE-HD-722,GPE1212,DT BARU FMX 420,UTARA
GPE-HD-723,GPE1213,DT BARU FMX 420,UTARA
GPE-HD-725,GPE1215,DT BARU FMX 420,UTARA
GPE-HD-726,GPE1216,DT BARU FMX 420,UTARA
GPE-HD-727,GPE1217,DT BARU FMX 420,UTARA
GPE-HD-728,GPE1218,DT BARU FMX 420,UTARA
GPE-HD-729,GPE1219,DT BARU FMX 420,UTARA
GPE-HD-730,GPE1220,DT BARU FMX 420,UTARA
GPE-HD-7301,GPE1221,DT BARU FMX 420,UTARA
GPE-HD-7302,GPE1222,DT BARU FMX 420,UTARA
GPE-HD-7303,GPE1223,DT BARU FMX 420,UTARA
GPE-HD-7305,GPE1225,DT BARU FMX 420,UTARA
GPE-HD-7306,GPE1226,DT BARU FMX 420,UTARA
GPE-HD-7307,GPE1227,DT BARU FMX 420,UTARA
GPE-HD-7308,GPE1228,DT BARU FMX 420,UTARA
GPE-HD-7309,GPE1229,DT BARU FMX 420,UTARA
GPE-HD-731,GPE1230,DT BARU FMX 420,UTARA
GPE-HD-7310,GPE1231,DT BARU FMX 420,UTARA
GPE-HD-7311,GPE1232,DT BARU FMX 420,UTARA
GPE-HD-7312,GPE1233,DT BARU FMX 420,UTARA
GPE-HD-7313,GPE1235,DT BARU FMX 420,UTARA
GPE-HD-732,GPE1236,DT BARU FMX 420,UTARA
GPE-HD-733,GPE1237,DT BARU FMX 420,UTARA
GPE-HD-735,GPE1238,DT BARU FMX 420,UTARA
GPE-HD-736,GPE1239,DT BARU FMX 420,UTARA
GPE-HD-737,GPE950,DT LAMA FMX 400,STB_SITE
GPE-HD-7801,GPE977,DT LAMA FMX 400,STB_SITE
GPE-HD-7802,GPE985,DT LAMA FMX 400,STB_SITE
GPE-HD-7803,GPE1009,DT BARU FMX 400,MUD UTARA
GPE-HD-7805,GPE1010,DT BARU FMX 400,MUD UTARA
GPE-HD-7806,GPE1015,DT BARU FMX 400,STB_SITE
GPE-HD-7807,GPE1016,DT BARU FMX 400,STB_SITE
GPE-HD-7808,GPE1017,DT BARU FMX 400,MUD UTARA
GPE-HD-7809,GPE1018,DT BARU FMX 400,MUD UTARA
GPE-HD-7810,GPE1019,DT BARU FMX 400,STB_SITE
GPE-HD-7811,GPE1020,DT BARU FMX 400,MUD UTARA
GPE-HD-7812,GPE996,DT LAMA FMX 400,JO SELATAN
GPE-HD-7813,GPE997,DT LAMA FMX 400,JO SELATAN
GPE-HD-7815,GPE1033,DT BARU FMX 400,JO SELATAN
GPE-HD-7816,GPE1035,DT BARU FMX 400,JO SELATAN
GPE-HD-7817,GPE1036,DT BARU FMX 400,JO SELATAN
GPE-HD-7818,GPE1039,DT BARU FMX 400,JO SELATAN
GPE-HD-7819,GPE1053,DT BARU FMX 400,JO SELATAN
GPE-HD-7820,GPE1056,DT BARU FMX 400,JO SELATAN
GPE-HD-798,GPE1058,DT BARU FMX 400,JO SELATAN
GPE-HD-799,GPE1059,DT BARU FMX 400,JO SELATAN
GPE-HD-800,GPE1068,DT BARU FMX 400,JO SELATAN
GPE-HD-802,GPE1072,DT BARU FMX 400,JO SELATAN
GPE-HD-803,GPE1075,DT BARU FMX 400,JO SELATAN
GPE-HD-805,GPE1086,DT BARU FMX 400,JO SELATAN
GPE-HD-806,GPE1087,DT BARU FMX 400,JO SELATAN
GPE-HD-807,GPE1090,DT BARU FMX 400,JO SELATAN
GPE-HD-810,GPE1091,DT BARU FMX 400,JO SELATAN
GPE-HD-813,GPE1092,DT BARU FMX 400,JO SELATAN
GPE-HD-816,GPE1099,DT BARU FMX 400,JO SELATAN
GPE-HD-817,GPE1101,DT BARU FMX 400,JO SELATAN
GPE-HD-819,GPE1107,DT BARU FMX 400,JO SELATAN
GPE-HD-820,GPE1111,DT BARU FMX 400,JO SELATAN
GPE-HD-821,GPE1115,DT BARU FMX 400,JO SELATAN
GPE-HD-822,GPE1116,DT BARU FMX 400,JO SELATAN
GPE-HD-823,GPE1117,DT BARU FMX 400,JO SELATAN
GPE-HD-825,GPE1118,DT BARU FMX 400,JO SELATAN
GPE-HD-826,GPE1119,DT BARU FMX 400,JO SELATAN
GPE-HD-827,GPE1120,DT BARU FMX 400,JO SELATAN
GPE-HD-828,GPE1121,DT BARU FMX 400,JO SELATAN
GPE-HD-829,GPE1122,DT BARU FMX 400,JO SELATAN
GPE-HD-830,GPE1123,DT BARU FMX 400,JO SELATAN
GPE-HD-831,GPE926,DT LAMA FMX 400,STB_SITE
GPE-HD-832,GPE929,DT LAMA FMX 400,STB_001
GPE-HD-833,GPE931,DT LAMA FMX 400,STB_001
GPE-HD-835,GPE917,DT LAMA FMX 400,STB_001
GPE-HD-836,DT-03,DT LAMA FMX 370,STB_001
GPE-HD-837,DT-11,DT LAMA FMX 370,STB_001
GPE-HD-838,DT-16,DT LAMA FMX 370,STB_001
GPE-HD-839,DT871,DT LAMA FMX 370,STB_001
GPE-HD-840,GPE829,DT LAMA FMX 370,STB_001
GPE-HD-841,GPE869,DT LAMA FMX 370,STB_001
GPE-HD-842,GPE877,DT LAMA FMX 370,STB_001
GPE-HD-843,GPE880,DT LAMA FMX 370,STB_001
GPE-HD-845,GPE891,DT LAMA FMX 370,STB_001
GPE-HD-846,GPE892,DT LAMA FMX 370,STB_001
GPE-HD-847,GPE893,DT LAMA FMX 370,STB_001
GPE-HD-848,GPE895,DT LAMA FMX 370,STB_001
GPE-HD-850,GPE911,DT LAMA FMX 370,STB_001
GPE-HD-851,GPE888,DT LAMA FMX 370,STB_001
GPE-HD-852,GPE890,DT LAMA FMX 370,STB_001
GPE-HD-853,GPE879,DT LAMA FMX 370,STB_001
GPE-HD-855,GPE932,VOLVO,M.SERVICE
GPE-HD-857,GPE937,VOLVO,M.SERVICE
GPE-LV-890,GPE951,VOLVO,M.SERVICE
GPE-LV-891,GPE952,VOLVO,M.SERVICE
GPE-LV-892,GPE953,VOLVO,M.SERVICE
GPE-LV-910,GPE955,VOLVO,M.SERVICE
GPE-WT-836,GPE998,VOLVO,M.SERVICE
GPE-WT-855,GPE999,VOLVO,M.SERVICE
